Ward,Alderperson,Address,Email,Phone Number,Websites
1,Daniel La Spata,"1958 N Milwaukee Ave, Chicago, IL 60647",info@the1stward.com,872-206-2685,"{Website: https://www.the1stward.com/, Facebook: https://www.facebook.com/The1stWard/, X: https://twitter.com/AldermanLaSpata, Instagram: https://www.instagram.com/daniel.la.spata/}"
2,Brian Hopkins,"1400 N Ashland, Chicago, IL 60622",ward02@cityofchicago.org,312-643-2299,"{Website: https://www.aldermanhopkins.com/, X: https://twitter.com/AldermanHopkins}"
3,Pat Dowell,"5046 S State St, Chicago, IL 60609",ward03@cityofchicago.org,773-373-9273,"{Website: https://ward03chicago.com/, X: https://twitter.com/aldpatdowell3rd}"
4,Lamont J. Robinson,,ward04@cityofchicago.org,312-744-2690,"{X: https://twitter.com/lamontjrobinson, Facebook: https://www.facebook.com/AldermanRobinson/, LinkedIn: https://www.linkedin.com/in/lamontjrobinson/, Instagram: https://www.instagram.com/lamontjrobinson/}"
5,Desmon C. Yancy,"2101 E 71st St Unit D, Chicago, IL 60649",ward05@cityofchicago.org,312-744-6832,"{Website: https://www.yancyforthe5th.com/, Facebook: https://www.facebook.com/YancyForThe5th, X: https://twitter.com/yancyforthe5th, Instagram: https://www.instagram.com/yancy_for_the_5th/, LinkedIn: https://www.linkedin.com/in/desmonyancy/}"
6,William E. Hall,,ward06@cityofchicago.org,312-744-0670,"{Website: https://6ward.com/, Facebook: https://www.facebook.com/6thWardChicago/, Instagram: https://www.instagram.com/6wardchicago/, X: https://twitter.com/6thWardChicago}"
7,Gregory I. Mitchell,"2249 E 95th St, Chicago IL 60617",ward07@cityofchicago.org,773-731-7777,"{Website: https://gregmitchell7thward.org/, Facebook: https://www.facebook.com/AldGregMitchell/, X: https://twitter.com/AldGregMitchell}"
8,Michelle A. Harris,"8539 S Cottage Grove Ave, Chicago, IL 60619",ward08@cityofchicago.org,773-874-3300,"{Website: https://aldermanmichelleharris.com/, X: https://twitter.com/aldermanharris, LinkedIn: https://www.linkedin.com/in/alderman-michelle-harris-660b0352/, Facebook: https://www.facebook.com/aldermanharris/}"
9,Anthony Beale,"34 E 112th Pl, Chicago, IL 60628",ward09@cityofchicago.org,773-785-1100,"{Website: https://www.ward09.com/, Facebook: https://www.facebook.com/AldBeale/, Instagram: https://www.instagram.com/aldbeale/, X: https://twitter.com/Alderman_Beale}"
10,Peter Chico,"10500 S Ewing Ave, Chicago, IL 60617",ward10@cityofchicago.org,773-768-8138,"{Facebook: https://www.facebook.com/chicofor10/}"
11,Nicole Lee,"3659 S Halsted St, Chicago, IL 60609",ward11@cityofchicago.org,773-254-6677,"{Website: https://votenicolelee.com/, Facebook: https://www.facebook.com/votenicolelee11/, LinkedIn: https://www.linkedin.com/in/nicolelee888/, Instagram: https://www.instagram.com/votenicolelee11/, X: https://twitter.com/ald_nicolelee/}"
12,Julia M. Ramirez,"3868 S Archer Ave, Chicago, IL 60632",ward12@cityofchicago.org,312-273-9828,"{Website: https://www.the12thward.org/, Instagram: https://www.instagram.com/the12thward/, X: https://twitter.com/the12thward, Facebook: https://www.facebook.com/the12thward}"
13,Marty Quinn,"6500 S Pulaski Rd, Chicago, IL 60629",ward13@cityofchicago.org,773-581-8000,"{Website: https://www.martyandangie.com/}"
14,Jeylu B. Gutierrez,"4374 S Archer Ave (Temporary), Chicago, IL 60632",ward14@cityofchicago.org,773-236-0117,"{Website: https://chicago14.com/, Facebook: https://www.facebook.com/AldJeylu, X: https://twitter.com/JeyluFor14}"
15,Raymond A.Lopez,"2650 W 51st, St, Chicago, IL 60632",ward15@cityofchicago.org,773-823-1539,"{Website: https://www.the15thward.org/, Instagram: https://www.instagram.com/aldermanraymondlopez/, Facebook: https://www.facebook.com/RaymondLopezIL04/}"
16,Stephanie D. Coleman,"1137 W 63rd St Unit C, Chicago, IL 60621",info@16thWard.org,773-306-1981,"{Website: https://www.16thward.org/, Facebook: https://www.facebook.com/AldermanStephanieDColeman/, Instagram: https://www.instagram.com/stephaniedcoleman/?hl=en, X: https://twitter.com/AldSColeman16}"
17,David Moore,"1344 W 79th St, Chicago, IL 60620",ward17@cityofchicago.org,773-783-3672,"{Website: https://www.17thwardalderman.com/, Facebook: https://www.facebook.com/p/Alderman-David-Moore-100064140667699/, X: https://twitter.com/AldermanHMoore}"
18,Derrick G. Curtis,"8359 S Pulaski Rd, Chicago, IL 60652",ward18@cityofchicago.org,773-284-5057,"{Website: https://www.derrickgcurtis.com/, LinkedIn: https://www.linkedin.com/in/derrick-curtis-90050a38/, Facebook: https://www.facebook.com/derrick.curtis.18, X: https://twitter.com/aldcurtis18, YouTube: https://www.youtube.com/@derrickcurtis7695/}"
19,Matthew O'Shea,"10400 S Western Ave, Chicago, IL 60643",ward19@cityofchicago.org,773-238-8766,"{Website: https://www.19thwardmobile.com/, X: https://twitter.com/mattoshea19, Facebook: https://www.facebook.com/mattoshea19, Instagram: https://www.instagram.com/oshea_matt/}"
20,Jeanette B. Taylor,"5707 S Wentworth, Chicago, IL 60621",ward20@cityofchicago.org,773-966-5336,"{Facebook: https://www.facebook.com/profile.php?id=100057997031768, X: https://twitter.com/taylorfor20th?lang=en, Instagram: https://www.instagram.com/taylorfor20th/?hl=en, LinkedIn: https://www.linkedin.com/in/jeanette-taylor-a84b32195/}"
21,Ronnie L. Mosley,"10801 S Halsted St, Chicago, IL 60628",ward21@cityofchicago.org,773-881-9300,
22,Michael D. Rodriguez,"2500 S St. Louis Ave, Chicago, IL 60623",ward22@cityofchicago.org,773-762-1771,
23,Silvana Tabares,"6247 S Archer Ave, Chicago, IL 60638",ward23@cityofchicago.org,773-582-4444,
24,Monique Scott,"1158 S Keeler Ave, Chicago, IL 60624",ward24@cityofchicago.org,773-533-2400,
25,Byron Sigcho Lopez,"2100 W Cermak Rd, Chicago, IL 60608",ward25@cityofchicago.org,773-523-4100,
26,Jessica Fuentes,"2511 W Division St, Chicago, IL 60622",ward26@cityofchicago.org,773-395-0143,
27,"Walter Burnett, Jr.","4 N Western Ave Unit 1C, Chicago, IL 60612",ward27@cityofchicago.org,312-432-1995,
28,Jason Ervin,"2622 W Jackson Blvd 2nd Floor, Chicago, IL 60612",ward28@cityofchicago.org,773-533-0900,
29,Christopher Taliaferro,"6272 W N Ave, Chicago, IL 60639",ward29@cityofchicago.org,773-237-6460,
30,Ruth Cruz,"5714 W Belmont Ave Unit A, Chicago, IL 60634",ward30@cityofchicago.org,312-744-3304,
31,"Felix Cardona, Jr.","4606 W Diversey Ave, Chicago, IL 60639",ward31@cityofchicago.org,773-824-2000,
32,Scott Waguespack,"2657 N Clybourn, Chicago, IL 60614",info@ward32.org,773-248-1330,
33,Rossana Rodriguez Sanchez,"4747 N Sawyer Ave, Chicago, IL 60625",info@33rdward.org,773-840-7880,
34,William Conway,,ward34@cityofchicago.org,312-744-6820,
35,Carlos Ramirez-Rosa,"2934 N Milwaukee Ave Unit C, Chicago, IL 60618",ward35@cityofchicago.org,773-887-3772,
36,Gilbert Villegas,"6560 W Fullerton Ave #C118 Suite A, Chicago, IL 60607",ward36@cityofchicago.org,773-745-4636,
37,Emma Mitts,"4924 W Chicago Ave, Chicago, IL 60651",ward37@cityofchicago.org,773-379-0960,
38,Nicholas Sposato,"3821 N Harlem Ave, Chicago, IL 60634",info@aldermansposato.com,773-283-3838,
39,Samantha Nugent,"4200 W Lawrence Ave, Chicago, IL 60630",Ward39@cityofchicago.org,773-736-5594,
40,"Andre Vasquez, Jr.","5620 N Western Ave, Chicago, IL 60659",info@40thward.org,773-654-1867,
41,Anthony V. Napolitano,"7442 N Harlem Ave, Chicago, IL 60631",ward41@cityofchicago.org,773-631-2241,
42,Brendan Reilly,,ward42@cityofchicago.org,312-642-4242,"{Website: https://ward42chicago.com, X: https://twitter.com/AldReilly}"
43,Timmy Knudsen,"2523 N Halsted St, Chicago, IL 60614",Yourvoice@ward43.org,773-348-9500,
44,Bennett R. Lawson,"3223 N Sheffield Ave, Chicago, IL 60657",ward44@cityofchicago.org,773-525-6034,
45,James M. Gardiner,"5425 W Lawrence Ave,Chicago, IL 60630",ward45@cityofchicago.org,773-853-0799,
46,Angela Clay,"4544 N Broadway, Chicago, IL 60640",info@46thward.com,773-878-4646,
47,Matthew J. Martin,"4243 N Lincoln Ave, Chicago, IL 60618",info@aldermanmartin.com,773-868-4747,
48,Leni Manaa-Hoppenworth,"1129 W Bryn Mawr Ave,Chicago, IL 60660",info@the48thward.org,773-784-5277,
49,Maria E. Hadden,"1447 W Morse Ave, Chicago, IL 60626",Office@49thWard.org,773-338-5796,
50,Debra Silverstein,"2949 W Devon Ave, Chicago, IL 60659",ward50@cityofchicago.org,773-262-1050,